{
  "device": "mps",
  "model": "Qwen/Qwen3-0.6B",
  "n_samples": 30,
  "baseline_mean_reward": 0.5897195000000001,
  "trained_mean_reward": 0.7530626124401915,
  "uplift": 0.1633431124401914,
  "train_seconds": 933.1886970996857,
  "max_steps": 30,
  "num_generations": 2,
  "log_history_tail": [
    {
      "loss": -0.032794803380966187,
      "grad_norm": 0.04040476307272911,
      "learning_rate": 1.3333333333333333e-05,
      "num_tokens": 49282.0,
      "completions/mean_length": 65.0,
      "completions/min_length": 59.0,
      "completions/max_length": 71.0,
      "completions/clipped_ratio": 0.0,
      "completions/mean_terminated_length": 65.0,
      "completions/min_terminated_length": 59.0,
      "completions/max_terminated_length": 71.0,
      "rewards/rule_based_reward/mean": 0.7138164639472961,
      "rewards/rule_based_reward/std": 0.2863054871559143,
      "reward": 0.7138164639472961,
      "reward_std": 0.2863054871559143,
      "frac_reward_zero_std": 0.0,
      "kl": 1.60753333568573,
      "entropy": 0.12163586542010307,
      "clip_ratio/low_mean": 0.0,
      "clip_ratio/low_min": 0.0,
      "clip_ratio/high_mean": 0.0,
      "clip_ratio/high_max": 0.0,
      "clip_ratio/region_mean": 0.0,
      "step_time": 22.669374958029948,
      "epoch": 0.9,
      "step": 27
    },
    {
      "loss": -0.02237647771835327,
      "grad_norm": 0.04040476307272911,
      "learning_rate": 1e-05,
      "num_tokens": 51106.0,
      "completions/mean_length": 64.0,
      "completions/min_length": 59.0,
      "completions/max_length": 69.0,
      "completions/clipped_ratio": 0.0,
      "completions/mean_terminated_length": 64.0,
      "completions/min_terminated_length": 59.0,
      "completions/max_terminated_length": 69.0,
      "rewards/rule_based_reward/mean": 0.7115000486373901,
      "rewards/rule_based_reward/std": 0.2874418795108795,
      "reward": 0.7115000486373901,
      "reward_std": 0.2874418795108795,
      "frac_reward_zero_std": 0.0,
      "kl": 1.633084237575531,
      "entropy": 0.14501415938138962,
      "clip_ratio/low_mean": 0.0,
      "clip_ratio/low_min": 0.0,
      "clip_ratio/high_mean": 0.0,
      "clip_ratio/high_max": 0.0,
      "clip_ratio/region_mean": 0.0,
      "step_time": 28.59917058388237,
      "epoch": 0.9333333333333333,
      "step": 28
    },
    {
      "loss": 0.10739904642105103,
      "grad_norm": 0.04040476307272911,
      "learning_rate": 6.666666666666667e-06,
      "num_tokens": 52904.0,
      "completions/mean_length": 64.0,
      "completions/min_length": 57.0,
      "completions/max_length": 71.0,
      "completions/clipped_ratio": 0.0,
      "completions/mean_terminated_length": 64.0,
      "completions/min_terminated_length": 57.0,
      "completions/max_terminated_length": 71.0,
      "rewards/rule_based_reward/mean": 0.7095000147819519,
      "rewards/rule_based_reward/std": 0.28036782145500183,
      "reward": 0.7095000147819519,
      "reward_std": 0.28036782145500183,
      "frac_reward_zero_std": 0.0,
      "kl": 1.4803335666656494,
      "entropy": 0.14114106446504593,
      "clip_ratio/low_mean": 0.0,
      "clip_ratio/low_min": 0.0,
      "clip_ratio/high_mean": 0.0,
      "clip_ratio/high_max": 0.0,
      "clip_ratio/region_mean": 0.0,
      "step_time": 22.321614957996644,
      "epoch": 0.9666666666666667,
      "step": 29
    },
    {
      "loss": -0.655243456363678,
      "grad_norm": 0.04040476307272911,
      "learning_rate": 3.3333333333333333e-06,
      "num_tokens": 54669.0,
      "completions/mean_length": 38.5,
      "completions/min_length": 1.0,
      "completions/max_length": 76.0,
      "completions/clipped_ratio": 0.0,
      "completions/mean_terminated_length": 38.5,
      "completions/min_terminated_length": 1.0,
      "completions/max_terminated_length": 76.0,
      "rewards/rule_based_reward/mean": 0.45297977328300476,
      "rewards/rule_based_reward/std": 0.6406101584434509,
      "reward": 0.45297977328300476,
      "reward_std": 0.6406101584434509,
      "frac_reward_zero_std": 0.0,
      "kl": 2.1701247096061707,
      "entropy": 0.4933890104293823,
      "clip_ratio/low_mean": 0.0,
      "clip_ratio/low_min": 0.0,
      "clip_ratio/high_mean": 0.0,
      "clip_ratio/high_max": 0.0,
      "clip_ratio/region_mean": 0.0,
      "step_time": 29.47151845798362,
      "epoch": 1.0,
      "step": 30
    },
    {
      "train_runtime": 931.9701,
      "train_samples_per_second": 0.064,
      "train_steps_per_second": 0.032,
      "total_flos": 0.0,
      "train_loss": 0.014121145009994507,
      "epoch": 1.0,
      "step": 30
    }
  ]
}